r_center,r_halfwidth,k_sq,i,j,a_lo,b_lo,primes,dsu_groups,port_groups,ports_I,ports_O,ports_L,ports_R,sum_n,max_label,overflow_128,overflow_256
60000000,4096,36,131052,194314,33549312,49744384,2542,104,36,20,18,19,16,73,36,0,0
60000000,4096,36,161983,169369,41467648,43358464,2585,102,37,17,19,15,20,71,37,0,0
60000000,4096,36,74664,222158,19113984,56872448,2553,112,45,21,23,11,20,75,45,0,0
60000000,4096,36,163193,168220,41777408,43064320,2604,85,35,10,14,16,18,58,35,0,0
60000000,4096,36,107086,208474,27414016,53369344,2653,94,36,18,19,18,13,68,36,0,0
60000000,4096,36,82353,219423,21082368,56172288,2548,124,59,21,19,23,22,85,59,0,0
60000000,4096,36,81625,219693,20896000,56241408,2521,113,51,17,19,26,18,80,51,0,0
60000000,4096,36,120991,200739,30973696,51389184,2549,97,35,20,15,22,17,74,35,0,0
60000000,4096,36,83872,218853,21471232,56026368,2631,89,38,17,19,22,18,76,38,0,0
60000000,4096,36,37163,231400,9513728,59238400,2550,99,49,21,22,21,18,82,49,0,0
60000000,4096,36,157700,173398,40371200,44389888,2620,94,39,19,18,15,18,70,39,0,0
60000000,4096,36,93989,214712,24061184,54966272,2497,120,57,30,14,19,22,85,57,0,0
60000000,4096,36,141445,186887,36209920,47843072,2590,89,25,14,15,18,13,60,25,0,0
60000000,4096,36,142074,186406,36370944,47719936,2560,88,32,12,18,15,18,63,32,0,0
60000000,4096,36,55316,227743,14160896,58302208,2602,96,41,22,20,18,17,77,41,0,0
60000000,4096,36,78958,220670,20213248,56491520,2591,105,42,24,17,15,24,80,42,0,0
60000000,4096,36,87557,217399,22414592,55654144,2589,100,46,20,18,17,18,73,46,0,0
60000000,4096,36,160998,170324,41215488,43602944,2550,119,55,18,24,22,19,83,55,0,0
60000000,4096,36,119013,201891,30467328,51684096,2524,87,34,13,23,18,15,69,34,0,0
60000000,4096,36,159041,172160,40714496,44072960,2606,95,39,20,17,22,18,77,39,0,0
60000000,4096,36,23008,233235,5890048,59708160,2615,91,43,20,18,20,17,75,43,0,0
60000000,4096,36,158862,172305,40668672,44110080,2522,115,58,21,27,24,18,90,58,0,0
60000000,4096,36,25926,232932,6637056,59630592,2588,99,44,19,18,17,20,74,44,0,0
60000000,4096,36,106728,208676,27322368,53421056,2647,101,46,22,19,29,16,86,46,0,0
60000000,4096,36,140220,187820,35896320,48081920,2638,68,32,18,18,13,14,63,32,0,0
60000000,4096,36,110273,206811,28229888,52943616,2591,93,33,17,15,12,12,56,33,0,0
60000000,4096,36,163604,167823,41882624,42962688,2577,102,43,19,17,21,22,79,43,0,0
60000000,4096,36,157546,173538,40331776,44425728,2585,102,47,19,23,26,22,90,47,0,0
60000000,4096,36,88232,217145,22587392,55589120,2577,100,50,20,23,23,14,80,50,0,0
60000000,4096,36,101659,211175,26024704,54060800,2654,97,41,18,20,17,18,73,41,0,0
60000000,4096,36,31014,232328,7939584,59475968,2622,104,46,19,19,24,14,76,46,0,0
60000000,4096,36,118978,201928,30458368,51693568,2630,96,39,18,22,18,14,72,39,0,0
60000000,4096,36,7868,234239,2014208,59965184,2624,80,35,22,19,8,11,60,35,0,0
60000000,4096,36,99068,212394,25361408,54372864,2651,76,34,15,18,15,16,64,34,0,0
60000000,4096,36,92196,215492,23602176,55165952,2490,126,50,24,20,19,21,84,50,0,0
60000000,4096,36,34521,231817,8837376,59345152,2580,89,44,20,19,24,16,79,44,0,0
60000000,4096,36,144175,184782,36908800,47304192,2542,111,41,12,15,20,18,65,41,0,0
60000000,4096,36,147367,182230,37725952,46650880,2620,88,41,21,20,17,23,81,41,0,0
60000000,4096,36,68127,224254,17440512,57409024,2531,102,46,21,22,17,15,75,46,0,0
60000000,4096,36,108028,208011,27655168,53250816,2549,104,45,20,16,17,19,72,45,0,0
60000000,4096,36,18151,233686,4646656,59823616,2582,90,39,21,19,13,15,68,39,0,0
60000000,4096,36,43566,230302,11152896,58957312,2534,123,50,18,18,22,15,73,50,0,0
60000000,4096,36,81967,219588,20983552,56214528,2585,105,40,19,15,16,23,73,40,0,0
60000000,4096,36,44706,230077,11444736,58899712,2558,104,42,18,17,18,20,73,42,0,0
60000000,4096,36,99270,212325,25413120,54355200,2560,98,41,23,20,19,15,77,41,0,0
60000000,4096,36,54205,228031,13876480,58375936,2577,106,38,16,22,14,13,65,38,0,0
60000000,4096,36,160985,170318,41212160,43601408,2672,87,30,17,14,18,16,65,30,0,0
60000000,4096,36,162214,169175,41526784,43308800,2564,76,31,17,15,11,20,63,31,0,0
60000000,4096,36,4008,234326,1026048,59987456,2569,104,48,15,19,26,17,77,48,0,0
60000000,4096,36,100868,211541,25822208,54154496,2593,98,39,14,17,13,22,66,39,0,0
60000000,4096,36,104635,209733,26786560,53691648,2542,93,36,20,14,21,19,74,36,0,0
60000000,4096,36,106008,209017,27138048,53508352,2514,118,57,17,25,21,19,82,57,0,0
60000000,4096,36,142681,185946,36526336,47602176,2580,93,41,24,20,11,20,75,41,0,0
60000000,4096,36,65912,224928,16873472,57581568,2597,114,53,25,28,16,16,85,53,0,0
60000000,4096,36,155505,175361,39809280,44892416,2623,78,30,20,11,13,15,59,30,0,0
60000000,4096,36,59237,226769,15164672,58052864,2619,102,39,20,23,20,17,80,39,0,0
60000000,4096,36,102820,210629,26321920,53921024,2539,116,48,23,12,16,26,77,48,0,0
60000000,4096,36,101644,211178,26020864,54061568,2552,93,38,21,16,18,16,71,38,0,0
60000000,4096,36,114445,204550,29297920,52364800,2594,104,41,18,17,20,18,73,41,0,0
60000000,4096,36,140906,187282,36071936,47944192,2550,80,31,21,17,15,21,74,31,0,0
60000000,4096,36,9373,234195,2399488,59953920,2532,102,41,16,17,19,25,77,41,0,0
60000000,4096,36,64999,225188,16639744,57648128,2537,97,37,16,18,18,17,69,37,0,0
60000000,4096,36,38061,231263,9743616,59203328,2589,88,40,17,19,24,15,75,40,0,0
60000000,4096,36,150443,179702,38513408,46003712,2572,93,41,18,18,19,22,77,41,0,0
60000000,4096,36,147998,181754,37887488,46529024,2552,100,40,23,14,18,15,70,40,0,0
60000000,4096,36,133719,192495,34232064,49278720,2632,91,34,12,14,19,19,64,34,0,0
60000000,4096,36,16935,233761,4335360,59842816,2565,100,40,18,20,17,17,72,40,0,0
60000000,4096,36,134274,192111,34374144,49180416,2546,106,47,20,21,18,18,77,47,0,0
60000000,4096,36,6587,234268,1686272,59972608,2628,97,46,25,18,18,17,78,46,0,0
60000000,4096,36,18247,233671,4671232,59819776,2570,108,45,16,24,16,21,77,45,0,0
60000000,4096,36,3765,234342,963840,59991552,2559,89,45,17,17,16,22,72,45,0,0
60000000,4096,36,66641,224715,17060096,57527040,2532,93,40,16,20,18,17,71,40,0,0
60000000,4096,36,33827,231922,8659712,59372032,2573,95,37,20,21,16,15,72,37,0,0
60000000,4096,36,153870,176785,39390720,45256960,2575,112,50,14,20,24,23,81,50,0,0
60000000,4096,36,139579,188294,35732224,48203264,2555,102,42,13,17,17,19,66,42,0,0
60000000,4096,36,112550,205567,28812800,52625152,2572,82,38,17,25,14,23,79,38,0,0
60000000,4096,36,79965,220296,20471040,56395776,2490,116,54,22,20,19,16,77,54,0,0
60000000,4096,36,58869,226862,15070464,58076672,2533,106,44,23,17,18,21,79,44,0,0
60000000,4096,36,110662,206595,28329472,52888320,2589,94,42,15,18,13,19,65,42,0,0
60000000,4096,36,92610,215294,23708160,55115264,2561,120,53,22,26,20,21,89,53,0,0
60000000,4096,36,72804,222792,18637824,57034752,2538,110,51,18,23,17,21,79,51,0,0
60000000,4096,36,79244,220579,20286464,56468224,2605,92,44,15,20,22,15,72,44,0,0
60000000,4096,36,42241,230524,10813696,59014144,2607,99,45,18,20,20,18,76,45,0,0
60000000,4096,36,81407,219791,20840192,56266496,2590,93,36,16,15,13,17,61,36,0,0
60000000,4096,36,73324,222609,18770944,56987904,2540,133,54,23,21,22,15,81,54,0,0
60000000,4096,36,85949,218035,22002944,55816960,2576,94,44,17,18,23,16,74,44,0,0
60000000,4096,36,148307,181473,37966592,46457088,2547,106,49,20,20,13,19,72,49,0,0
60000000,4096,36,10722,234142,2744832,59940352,2589,82,38,17,15,20,15,67,38,0,0
60000000,4096,36,161530,169824,41351680,43474944,2520,109,49,21,16,21,19,77,49,0,0
60000000,4096,36,115740,203819,29629440,52177664,2561,118,52,23,18,27,17,85,52,0,0
60000000,4096,36,111255,206274,28481280,52806144,2577,114,43,19,21,19,21,80,43,0,0
60000000,4096,36,157936,173167,40431616,44330752,2639,100,40,14,15,23,15,67,40,0,0
60000000,4096,36,109582,207196,28052992,53042176,2583,101,39,18,16,20,14,68,39,0,0
60000000,4096,36,33788,231915,8649728,59370240,2543,114,48,20,20,21,21,82,48,0,0
60000000,4096,36,132849,193084,34009344,49429504,2504,118,40,23,17,19,16,75,40,0,0
60000000,4096,36,16720,233769,4280320,59844864,2548,100,42,15,13,19,22,69,42,0,0
60000000,4096,36,46593,229702,11927808,58803712,2539,124,53,18,19,21,19,77,53,0,0
60000000,4096,36,162039,169323,41481984,43346688,2572,102,44,18,15,23,15,71,44,0,0
60000000,4096,36,60464,226457,15478784,57972992,2598,83,32,13,11,16,17,57,32,0,0
60000000,4096,36,14334,233928,3669504,59885568,2545,112,41,17,18,14,20,69,41,0,0
60000000,4096,40,49488,229082,12668928,58644992,2528,52,20,11,15,17,20,63,20,0,0
60000000,4096,40,68401,224176,17510656,57389056,2575,45,22,17,12,16,18,63,22,0,0
60000000,4096,40,39024,231092,9990144,59159552,2636,60,32,15,17,19,17,68,32,0,0
60000000,4096,40,117900,202558,30182400,51854848,2607,44,23,11,14,16,20,61,23,0,0
60000000,4096,40,41959,230576,10741504,59027456,2575,50,28,16,21,18,13,68,28,0,0
60000000,4096,40,87280,217517,22343680,55684352,2586,50,24,11,15,13,17,56,24,0,0
60000000,4096,40,57858,227129,14811648,58145024,2588,36,16,13,7,10,13,43,16,0,0
60000000,4096,40,68034,224297,17416704,57420032,2637,30,17,11,14,15,15,55,17,0,0
60000000,4096,40,130015,195007,33283840,49921792,2495,59,29,14,20,16,12,62,29,0,0
60000000,4096,40,90603,216139,23194368,55331584,2557,44,17,8,9,13,10,40,17,0,0
60000000,4096,40,162409,168975,41576704,43257600,2629,46,22,21,14,10,12,57,22,0,0
60000000,4096,40,56674,227423,14508544,58220288,2590,63,30,15,16,12,16,59,30,0,0
60000000,4096,40,20773,233463,5317888,59766528,2583,46,19,12,15,10,12,49,19,0,0
60000000,4096,40,120460,201049,30837760,51468544,2563,49,24,12,11,9,19,51,24,0,0
60000000,4096,40,154001,176686,39424256,45231616,2473,77,30,18,15,14,11,58,30,0,0
60000000,4096,40,141145,187108,36133120,47899648,2556,60,33,18,18,13,15,64,33,0,0
60000000,4096,40,71286,223263,18249216,57155328,2649,32,17,16,7,12,14,49,17,0,0
60000000,4096,40,127172,196855,32556032,50394880,2557,52,24,16,17,11,10,54,24,0,0
60000000,4096,40,46336,229743,11862016,58814208,2555,59,19,13,14,13,12,52,19,0,0
60000000,4096,40,159958,171288,40949248,43849728,2553,53,27,12,20,15,15,62,27,0,0
60000000,4096,40,163006,168402,41729536,43110912,2614,45,24,12,15,15,12,54,24,0,0
60000000,4096,40,37308,231387,9550848,59235072,2517,62,28,14,11,15,17,57,28,0,0
60000000,4096,40,120685,200932,30895360,51438592,2521,51,21,12,12,12,17,53,21,0,0
60000000,4096,40,104331,209871,26708736,53726976,2596,35,20,14,15,17,12,58,20,0,0
60000000,4096,40,146694,182771,37553664,46789376,2526,52,20,14,13,17,16,60,20,0,0
60000000,4096,40,39127,231083,10016512,59157248,2622,44,21,12,8,17,12,49,21,0,0
60000000,4096,40,24392,233097,6244352,59672832,2598,41,22,18,8,11,11,48,22,0,0
60000000,4096,40,75459,221908,19317504,56808448,2568,57,24,19,13,10,15,57,24,0,0
60000000,4096,40,155582,175277,39828992,44870912,2516,54,33,23,17,15,7,62,33,0,0
60000000,4096,40,15575,233866,3987200,59869696,2538,46,28,15,16,17,14,62,28,0,0
60000000,4096,40,27573,232750,7058688,59584000,2598,41,24,14,18,14,17,63,24,0,0
60000000,4096,40,71710,223131,18357760,57121536,2503,48,17,11,10,15,11,47,17,0,0
60000000,4096,40,81703,219672,20915968,56236032,2577,48,25,13,15,15,14,57,25,0,0
60000000,4096,40,80168,220242,20523008,56381952,2535,49,20,12,14,13,19,58,20,0,0
60000000,4096,40,71274,223283,18246144,57160448,2503,46,22,12,15,9,14,50,22,0,0
60000000,4096,40,3149,234344,806144,59992064,2585,56,22,14,12,10,11,47,22,0,0
60000000,4096,40,160296,170988,41035776,43772928,2575,45,23,17,16,14,15,62,23,0,0
60000000,4096,40,12242,234050,3133952,59916800,2584,54,27,14,16,17,11,58,27,0,0
60000000,4096,40,122554,199791,31373824,51146496,2633,40,15,12,14,13,10,49,15,0,0
60000000,4096,40,131998,193664,33791488,49577984,2576,49,21,11,14,15,11,51,21,0,0
60000000,4096,40,30975,232330,7929600,59476480,2614,52,25,10,24,20,10,64,25,0,0
60000000,4096,40,138956,188740,35572736,48317440,2533,45,21,14,13,12,15,54,21,0,0
60000000,4096,40,136320,190636,34897920,48802816,2590,48,22,16,15,17,11,59,22,0,0
60000000,4096,40,4648,234324,1189888,59986944,2599,46,24,16,17,13,19,65,24,0,0
60000000,4096,40,106917,208576,27370752,53395456,2542,47,24,11,13,17,17,58,24,0,0
60000000,4096,40,81182,219853,20782592,56282368,2517,56,35,20,16,12,17,65,35,0,0
60000000,4096,40,133653,192519,34215168,49284864,2592,49,19,12,11,9,15,47,19,0,0
60000000,4096,40,27081,232817,6932736,59601152,2583,45,21,15,17,13,11,56,21,0,0
60000000,4096,40,47175,229582,12076800,58772992,2526,36,16,15,8,12,16,51,16,0,0
60000000,4096,40,95424,214067,24428544,54801152,2571,47,21,10,13,13,13,49,21,0,0
60000000,4096,40,64858,225209,16603648,57653504,2558,45,24,16,9,13,15,53,24,0,0
60000000,4096,40,103371,210347,26462976,53848832,2573,39,21,16,12,13,12,53,21,0,0
60000000,4096,40,42142,230551,10788352,59021056,2578,54,28,16,16,17,15,64,28,0,0
60000000,4096,40,36833,231458,9429248,59253248,2597,50,22,13,13,16,11,53,22,0,0
60000000,4096,40,149911,180161,38377216,46121216,2633,51,28,19,13,17,16,65,28,0,0
60000000,4096,40,149572,180428,38290432,46189568,2550,55,27,20,17,16,11,64,27,0,0
60000000,4096,40,130616,194593,33437696,49815808,2586,48,24,16,13,21,14,64,24,0,0
60000000,4096,40,149791,180267,38346496,46148352,2649,42,17,13,16,12,12,53,17,0,0
60000000,4096,40,53992,228055,13821952,58382080,2648,33,13,12,12,9,12,45,13,0,0
60000000,4096,40,9568,234170,2449408,59947520,2618,33,12,15,10,10,13,48,12,0,0
60000000,4096,40,116427,203415,29805312,52074240,2593,51,25,16,14,16,13,59,25,0,0
60000000,4096,40,99696,212113,25522176,54300928,2556,49,22,17,16,13,12,58,22,0,0
60000000,4096,40,131435,194070,33647360,49681920,2544,66,27,13,15,16,11,55,27,0,0
60000000,4096,40,150442,179699,38513152,46002944,2609,42,21,13,13,12,13,51,21,0,0
60000000,4096,40,158782,172408,40648192,44136448,2653,41,17,11,14,12,12,49,17,0,0
60000000,4096,40,96203,213718,24627968,54711808,2571,50,30,17,16,17,15,65,30,0,0
60000000,4096,40,139785,188125,35784960,48160000,2561,47,18,12,16,13,9,50,18,0,0
60000000,4096,40,91167,215932,23338752,55278592,2597,52,27,11,20,15,13,59,27,0,0
60000000,4096,40,91712,215671,23478272,55211776,2640,43,22,10,17,13,17,57,22,0,0
60000000,4096,40,33401,231990,8550656,59389440,2508,51,27,17,16,13,12,58,27,0,0
60000000,4096,40,139962,187983,35830272,48123648,2626,47,32,15,14,19,22,70,32,0,0
60000000,4096,40,136553,190490,34957568,48765440,2567,47,19,9,16,11,10,46,19,0,0
60000000,4096,40,11522,234081,2949632,59924736,2548,43,22,14,16,7,14,51,22,0,0
60000000,4096,40,139128,188630,35616768,48289280,2568,52,28,14,17,14,13,58,28,0,0
60000000,4096,40,109679,207120,28077824,53022720,2541,37,14,13,14,13,7,47,14,0,0
60000000,4096,40,155840,175065,39895040,44816640,2584,55,25,19,13,10,15,57,25,0,0
60000000,4096,40,101778,211133,26055168,54050048,2662,40,18,14,10,11,11,46,18,0,0
60000000,4096,40,60827,226341,15571712,57943296,2566,61,30,19,18,16,15,68,30,0,0
60000000,4096,40,142181,186305,36398336,47694080,2490,78,33,18,21,12,17,68,33,0,0
60000000,4096,40,103129,210454,26401024,53876224,2578,55,24,13,12,14,11,50,24,0,0
60000000,4096,40,24300,233096,6220800,59672576,2514,53,27,9,16,19,13,57,27,0,0
60000000,4096,40,64400,225365,16486400,57693440,2537,50,26,15,21,14,10,60,26,0,0
60000000,4096,40,95341,214093,24407296,54807808,2560,49,21,12,16,16,17,61,21,0,0
60000000,4096,40,162730,168681,41658880,43182336,2581,51,27,16,14,13,18,61,27,0,0
60000000,4096,40,35156,231724,8999936,59321344,2496,55,24,18,10,11,20,59,24,0,0
60000000,4096,40,95247,214148,24383232,54821888,2583,42,16,13,12,17,13,55,16,0,0
60000000,4096,40,82009,219564,20994304,56208384,2645,43,25,15,9,14,19,57,25,0,0
60000000,4096,40,136156,190754,34855936,48833024,2582,50,23,12,17,17,18,64,23,0,0
60000000,4096,40,115131,204139,29473536,52259584,2493,64,32,17,12,14,22,65,32,0,0
60000000,4096,40,22304,233309,5709824,59727104,2575,38,18,12,13,16,9,50,18,0,0
60000000,4096,40,14206,233951,3636736,59891456,2572,42,21,16,11,14,14,55,21,0,0
60000000,4096,40,124126,198820,31776256,50897920,2582,43,25,19,14,7,16,56,25,0,0
60000000,4096,40,35274,231698,9030144,59314688,2639,39,20,17,10,16,8,51,20,0,0
60000000,4096,40,53460,228193,13685760,58417408,2629,42,20,17,15,14,15,61,20,0,0
60000000,4096,40,165069,166381,42257664,42593536,2563,36,19,16,13,10,17,56,19,0,0
60000000,4096,40,83753,218884,21440768,56034304,2522,45,20,15,14,16,11,56,20,0,0
60000000,4096,40,152947,177583,39154432,45461248,2612,42,23,21,11,15,12,59,23,0,0
60000000,4096,40,100577,211704,25747712,54196224,2585,48,26,11,11,15,19,56,26,0,0
60000000,4096,40,153298,177290,39244288,45386240,2531,45,21,14,15,14,11,54,21,0,0
60000000,4096,40,8367,234227,2141952,59962112,2643,44,27,12,25,9,18,64,27,0,0
80000000,4096,36,106801,293679,27341056,75181824,2576,111,54,24,20,15,25,84,54,0,0
80000000,4096,36,168906,262931,43239936,67310336,2504,109,44,21,14,21,17,73,44,0,0
80000000,4096,36,74435,303503,19055360,77696768,2498,105,43,15,20,19,13,67,43,0,0
80000000,4096,36,13469,312224,3448064,79929344,2473,118,49,23,14,16,17,70,49,0,0
80000000,4096,36,92775,298421,23750400,76395776,2515,103,42,16,20,16,21,73,42,0,0
80000000,4096,36,164594,265637,42136064,68003072,2574,110,45,20,18,28,16,82,45,0,0
80000000,4096,36,29861,311063,7644416,79632128,2574,102,40,16,17,27,10,70,40,0,0
80000000,4096,36,98390,296617,25187840,75933952,2555,104,50,16,22,19,17,74,50,0,0
80000000,4096,36,210980,230548,54010880,59020288,2508,109,46,15,25,18,19,77,46,0,0
80000000,4096,36,187530,249976,48007680,63993856,2549,105,45,14,20,21,15,70,45,0,0
80000000,4096,36,151100,273553,38681600,70029568,2556,97,45,19,14,19,21,73,45,0,0
80000000,4096,36,127787,285172,32713472,73004032,2571,113,50,21,23,21,23,88,50,0,0
80000000,4096,36,50390,308409,12899840,78952704,2554,105,43,11,15,24,16,66,43,0,0
80000000,4096,36,214865,226931,55005440,58094336,2512,125,51,18,13,22,19,72,51,0,0
80000000,4096,36,68949,304787,17650944,78025472,2549,108,42,14,18,23,19,74,42,0,0
80000000,4096,36,129233,284527,33083648,72838912,2499,112,45,22,19,14,22,77,45,0,0
80000000,4096,36,55397,307541,14181632,78730496,2599,101,41,21,23,18,17,79,41,0,0
80000000,4096,36,112178,291679,28717568,74669824,2528,112,48,21,26,20,16,83,48,0,0
80000000,4096,36,73404,303740,18791424,77757440,2493,130,50,17,20,18,14,69,50,0,0
80000000,4096,36,174148,259462,44581888,66422272,2577,89,35,15,18,16,15,64,35,0,0
80000000,4096,36,56448,307359,14450688,78683904,2548,90,37,21,17,20,12,70,37,0,0
80000000,4096,36,215118,226661,55070208,58025216,2411,120,50,21,19,12,27,79,50,0,0
80000000,4096,36,120059,288500,30735104,73856000,2538,102,45,21,23,15,16,75,45,0,0
80000000,4096,36,77824,302660,19922944,77480960,2587,98,39,19,18,17,18,72,39,0,0
80000000,4096,36,38955,310070,9972480,79377920,2467,107,40,23,14,16,22,75,40,0,0
80000000,4096,36,119794,288629,30667264,73889024,2515,104,46,17,12,21,24,74,46,0,0
80000000,4096,36,111680,291857,28590080,74715392,2466,128,42,18,10,18,18,64,42,0,0
80000000,4096,36,173372,260015,44383232,66563840,2517,106,48,20,21,19,18,78,48,0,0
80000000,4096,36,114326,290843,29267456,74455808,2593,102,45,17,19,13,24,73,45,0,0
80000000,4096,36,177158,257419,45352448,65899264,2515,135,52,22,16,17,20,75,52,0,0
80000000,4096,36,150479,273887,38522624,70115072,2574,89,41,19,16,26,17,78,41,0,0
80000000,4096,36,217290,224608,55626240,57499648,2562,109,49,19,20,18,25,82,49,0,0
80000000,4096,36,152310,272880,38991360,69857280,2538,114,50,22,15,17,26,80,50,0,0
80000000,4096,36,49465,308561,12663040,78991616,2538,118,41,14,18,21,18,71,41,0,0
80000000,4096,36,187261,250174,47938816,64044544,2604,89,34,11,15,14,23,63,34,0,0
80000000,4096,36,38582,310116,9876992,79389696,2531,106,50,18,22,20,20,80,50,0,0
80000000,4096,36,4380,312467,1121280,79991552,2471,119,60,19,20,23,29,91,60,0,0
80000000,4096,36,162963,266641,41718528,68260096,2520,140,61,25,18,18,24,85,61,0,0
80000000,4096,36,33353,310716,8538368,79543296,2476,111,52,23,17,25,21,86,52,0,0
80000000,4096,36,103561,294842,26511616,75479552,2528,104,38,17,15,16,13,61,38,0,0
80000000,4096,36,139047,279876,35596032,71648256,2539,123,44,14,24,16,13,67,44,0,0
80000000,4096,36,125711,286085,32182016,73237760,2549,111,50,22,17,24,20,83,50,0,0
80000000,4096,36,210457,231015,53876992,59139840,2556,118,49,24,22,14,19,79,49,0,0
80000000,4096,36,85446,300599,21874176,76953344,2487,110,44,20,17,15,15,67,44,0,0
80000000,4096,36,12401,312240,3174656,79933440,2536,101,40,17,14,15,16,62,40,0,0
80000000,4096,36,109130,292826,27937280,74963456,2482,129,54,24,16,15,18,73,54,0,0
80000000,4096,36,220777,221151,56518912,56614656,2440,125,48,20,12,22,17,71,48,0,0
80000000,4096,36,155258,271194,39746048,69425664,2526,125,46,18,20,20,20,78,46,0,0
80000000,4096,36,129220,284533,33080320,72840448,2540,116,42,20,12,25,14,71,42,0,0
80000000,4096,36,179037,256139,45833472,65571584,2575,116,46,18,21,24,20,83,46,0,0
80000000,4096,36,9092,312354,2327552,79962624,2488,120,49,16,19,17,16,68,49,0,0
80000000,4096,36,14082,312184,3604992,79919104,2539,115,55,19,22,21,22,84,55,0,0
80000000,4096,36,31828,310863,8147968,79580928,2608,99,44,18,22,17,15,72,44,0,0
80000000,4096,36,41658,309709,10664448,79285504,2620,83,36,15,26,14,19,74,36,0,0
80000000,4096,36,69737,304607,17852672,77979392,2530,106,41,16,17,16,19,68,41,0,0
80000000,4096,36,58420,306991,14955520,78589696,2509,100,44,24,16,22,18,80,44,0,0
80000000,4096,36,158740,269177,40637440,68909312,2514,119,39,16,19,18,17,70,39,0,0
80000000,4096,36,51114,308294,13085184,78923264,2494,124,46,18,26,12,11,67,46,0,0
80000000,4096,36,163328,266407,41811968,68200192,2529,118,41,19,15,17,14,65,41,0,0
80000000,4096,36,38292,310130,9802752,79393280,2566,104,37,16,16,12,16,60,37,0,0
80000000,4096,36,69387,304694,17763072,78001664,2474,112,45,22,17,17,25,81,45,0,0
80000000,4096,36,51078,308297,13075968,78924032,2463,132,51,17,20,21,18,76,51,0,0
80000000,4096,36,165789,264896,42441984,67813376,2527,109,41,15,19,20,14,68,41,0,0
80000000,4096,36,220042,221885,56330752,56802560,2483,103,37,19,18,16,16,69,37,0,0
80000000,4096,36,46249,309070,11839744,79121920,2532,118,44,17,18,17,18,70,44,0,0
80000000,4096,36,94620,297814,24222720,76240384,2500,123,50,23,18,22,15,78,50,0,0
80000000,4096,36,31749,310893,8127744,79588608,2635,82,31,13,23,14,18,68,31,0,0
80000000,4096,36,14208,312177,3637248,79917312,2494,112,47,15,21,15,20,71,47,0,0
80000000,4096,36,101605,295536,26010880,75657216,2611,72,27,17,15,14,14,60,27,0,0
80000000,4096,36,104675,294458,26796800,75381248,2491,121,55,14,23,19,18,74,55,0,0
80000000,4096,36,126284,285853,32328704,73178368,2518,133,55,22,22,19,20,83,55,0,0
80000000,4096,36,125845,286023,32216320,73221888,2557,107,47,20,20,12,22,74,47,0,0
80000000,4096,36,196070,243324,50193920,62290944,2457,135,53,17,17,24,21,79,53,0,0
80000000,4096,36,217310,224559,55631360,57487104,2593,100,45,22,24,18,15,79,45,0,0
80000000,4096,36,153795,272017,39371520,69636352,2523,102,35,18,13,11,28,70,35,0,0
80000000,4096,36,174643,259160,44708608,66344960,2514,113,49,20,22,14,22,78,49,0,0
80000000,4096,36,179326,255911,45907456,65513216,2545,113,47,21,13,18,19,71,47,0,0
80000000,4096,36,133830,282381,34260480,72289536,2475,114,49,19,20,20,17,76,49,0,0
80000000,4096,36,7582,312416,1940992,79978496,2525,116,44,18,22,20,17,77,44,0,0
80000000,4096,36,164184,265882,42031104,68065792,2530,117,43,17,10,23,22,72,43,0,0
80000000,4096,36,114175,290911,29228800,74473216,2531,111,49,24,21,14,16,75,49,0,0
80000000,4096,36,127123,285470,32543488,73080320,2539,117,50,22,17,25,19,83,50,0,0
80000000,4096,36,75330,303282,19284480,77640192,2555,95,38,15,23,16,14,68,38,0,0
80000000,4096,36,193847,245117,49624832,62749952,2502,107,43,20,21,21,21,83,43,0,0
80000000,4096,36,64907,305675,16616192,78252800,2546,91,43,17,20,15,20,72,43,0,0
80000000,4096,36,152492,272761,39037952,69826816,2457,122,54,16,19,22,22,79,54,0,0
80000000,4096,36,133631,282487,34209536,72316672,2551,104,40,22,21,20,12,75,40,0,0
80000000,4096,36,119160,288886,30504960,73954816,2527,103,42,16,21,15,24,76,42,0,0
80000000,4096,36,190746,247514,48830976,63363584,2489,112,50,14,20,23,18,75,50,0,0
80000000,4096,36,167091,264072,42775296,67602432,2573,107,40,17,19,16,16,68,40,0,0
80000000,4096,36,182116,253944,46621696,65009664,2541,91,37,17,19,16,15,67,37,0,0
80000000,4096,36,145701,276442,37299456,70769152,2496,109,53,22,22,16,13,73,53,0,0
80000000,4096,36,110593,292272,28311808,74821632,2534,95,36,16,18,19,17,70,36,0,0
80000000,4096,36,94359,297909,24155904,76264704,2544,115,48,16,15,23,22,76,48,0,0
80000000,4096,36,209508,231885,53634048,59362560,2655,79,38,16,18,17,14,65,38,0,0
80000000,4096,36,204499,236295,52351744,60491520,2576,111,44,14,19,23,23,79,44,0,0
80000000,4096,36,167284,263963,42824704,67574528,2596,90,43,15,24,19,21,79,43,0,0
80000000,4096,36,190293,247899,48715008,63462144,2368,145,58,24,20,24,19,87,58,0,0
80000000,4096,36,167348,263917,42841088,67562752,2585,98,45,20,17,20,19,76,45,0,0
80000000,4096,36,184418,252270,47211008,64581120,2534,107,46,26,19,20,18,83,46,0,0
80000000,4096,40,56934,307257,14575104,78657792,2500,50,24,6,17,17,16,56,24,0,0
80000000,4096,40,54269,307750,13892864,78784000,2562,51,22,16,14,17,11,58,22,0,0
80000000,4096,40,142322,278205,36434432,71220480,2555,55,25,15,15,13,16,59,25,0,0
80000000,4096,40,56042,307429,14346752,78701824,2513,56,34,21,12,14,18,65,34,0,0
80000000,4096,40,168475,263180,43129600,67374080,2581,61,24,15,15,12,10,52,24,0,0
80000000,4096,40,164137,265918,42019072,68075008,2514,57,17,16,18,9,13,56,17,0,0
80000000,4096,40,161062,267785,41231872,68552960,2556,54,20,9,16,16,12,53,20,0,0
80000000,4096,40,150550,273845,38540800,70104320,2523,57,21,10,19,13,11,53,21,0,0
80000000,4096,40,14371,312167,3678976,79914752,2549,48,25,16,17,9,19,61,25,0,0
80000000,4096,40,142703,278010,36531968,71170560,2669,49,18,13,11,15,15,54,18,0,0
80000000,4096,40,153669,272093,39339264,69655808,2489,57,24,21,13,11,11,56,24,0,0
80000000,4096,40,54929,307621,14061824,78750976,2449,69,35,13,16,17,20,66,35,0,0
80000000,4096,40,136177,281277,34861312,72006912,2567,43,17,14,14,14,10,52,17,0,0
80000000,4096,40,160863,267901,41180928,68582656,2484,63,35,20,10,16,17,63,35,0,0
80000000,4096,40,195737,243623,50108672,62367488,2553,45,17,10,12,12,14,48,17,0,0
80000000,4096,40,186010,251092,47618560,64279552,2516,67,29,15,13,14,16,58,29,0,0
80000000,4096,40,170144,262115,43556864,67101440,2593,51,27,20,13,15,17,65,27,0,0
80000000,4096,40,76493,302982,19582208,77563392,2533,49,18,15,12,14,13,54,18,0,0
80000000,4096,40,181673,254262,46508288,65091072,2508,63,22,12,11,15,11,49,22,0,0
80000000,4096,40,212116,229493,54301696,58750208,2493,53,22,14,11,15,17,57,22,0,0
80000000,4096,40,75915,303128,19434240,77600768,2564,59,24,20,18,16,13,67,24,0,0
80000000,4096,40,42313,309635,10832128,79266560,2557,42,23,16,15,10,21,62,23,0,0
80000000,4096,40,27361,311304,7004416,79693824,2469,54,21,14,12,13,9,48,21,0,0
80000000,4096,40,185409,251567,47464704,64401152,2503,52,17,14,15,11,16,56,17,0,0
80000000,4096,40,2052,312500,525312,80000000,2536,57,26,15,12,11,18,56,26,0,0
80000000,4096,40,196776,242750,50374656,62144000,2580,38,21,9,16,21,15,61,21,0,0
80000000,4096,40,50127,308451,12832512,78963456,2497,46,19,13,14,15,16,58,19,0,0
80000000,4096,40,216350,225515,55385600,57731840,2546,42,15,18,15,11,7,51,15,0,0
80000000,4096,40,156484,270504,40059904,69249024,2527,70,26,16,13,14,16,59,26,0,0
80000000,4096,40,59049,306873,15116544,78559488,2496,50,21,18,13,12,14,57,21,0,0
80000000,4096,40,61971,306298,15864576,78412288,2460,47,21,12,11,15,15,53,21,0,0
80000000,4096,40,120355,288380,30810880,73825280,2592,50,30,21,14,22,16,73,30,0,0
80000000,4096,40,36357,310372,9307392,79455232,2529,45,24,17,11,16,15,59,24,0,0
80000000,4096,40,186086,251043,47638016,64267008,2540,55,31,24,12,15,14,65,31,0,0
80000000,4096,40,154218,271792,39479808,69578752,2583,51,32,21,11,11,18,61,32,0,0
80000000,4096,40,218075,223831,55827200,57300736,2561,50,31,15,14,14,18,61,31,0,0
80000000,4096,40,110888,292163,28387328,74793728,2527,52,31,21,13,16,12,62,31,0,0
80000000,4096,40,197746,241969,50622976,61944064,2574,60,35,16,20,11,23,70,35,0,0
80000000,4096,40,118043,289358,30219008,74075648,2509,72,29,14,16,13,16,59,29,0,0
80000000,4096,40,156731,270372,40123136,69215232,2572,42,24,13,16,14,18,61,24,0,0
80000000,4096,40,220715,221231,56503040,56635136,2483,49,24,12,12,15,17,56,24,0,0
80000000,4096,40,202634,237896,51874304,60901376,2552,51,17,8,10,10,12,40,17,0,0
80000000,4096,40,51922,308151,13292032,78886656,2537,48,23,18,12,16,15,61,23,0,0
80000000,4096,40,97165,296998,24874240,76031488,2470,47,23,10,14,11,20,55,23,0,0
80000000,4096,40,219358,222552,56155648,56973312,2530,46,19,15,14,12,13,54,19,0,0
80000000,4096,40,140222,279266,35896832,71492096,2574,39,18,12,10,6,18,46,18,0,0
80000000,4096,40,144600,277048,37017600,70924288,2567,53,29,16,14,17,14,61,29,0,0
80000000,4096,40,58581,306964,14996736,78582784,2560,44,20,19,10,14,11,54,20,0,0
80000000,4096,40,211947,229643,54258432,58788608,2597,52,24,15,13,16,20,64,24,0,0
80000000,4096,40,104962,294353,26870272,75354368,2484,59,34,14,14,20,19,67,34,0,0
80000000,4096,40,6685,312429,1711360,79981824,2537,50,24,12,15,16,16,59,24,0,0
80000000,4096,40,183247,253136,46911232,64802816,2528,42,20,12,12,12,17,53,20,0,0
80000000,4096,40,54655,307673,13991680,78764288,2525,58,26,15,16,19,12,62,26,0,0
80000000,4096,40,45533,309166,11656448,79146496,2560,54,23,19,11,16,15,61,23,0,0
80000000,4096,40,100909,295754,25832704,75713024,2560,41,23,12,14,9,21,56,23,0,0
80000000,4096,40,167709,263696,42933504,67506176,2507,59,24,11,9,22,12,54,24,0,0
80000000,4096,40,191362,247059,48988672,63247104,2509,60,29,15,16,12,16,59,29,0,0
80000000,4096,40,188069,249587,48145664,63894272,2575,40,17,13,15,14,11,53,17,0,0
80000000,4096,40,192280,246359,49223680,63067904,2544,40,17,19,17,15,8,59,17,0,0
80000000,4096,40,170205,262074,43572480,67090944,2537,55,29,12,20,12,19,63,29,0,0
80000000,4096,40,183780,252728,47047680,64698368,2469,61,29,13,16,19,17,65,29,0,0
80000000,4096,40,134789,281919,34505984,72171264,2558,59,31,12,17,16,18,63,31,0,0
80000000,4096,40,17053,312044,4365568,79883264,2543,44,22,17,16,10,11,54,22,0,0
80000000,4096,40,137412,280676,35177472,71853056,2566,54,28,22,19,12,16,69,28,0,0
80000000,4096,40,8641,312368,2212096,79966208,2494,60,22,14,14,15,17,60,22,0,0
80000000,4096,40,194773,244375,49861888,62560000,2579,51,20,9,16,17,11,53,20,0,0
80000000,4096,40,54353,307734,13914368,78779904,2600,59,27,22,16,14,14,66,27,0,0
80000000,4096,40,211438,230091,54128128,58903296,2503,59,34,18,19,16,13,66,34,0,0
80000000,4096,40,152239,272912,38973184,69865472,2574,53,27,12,14,14,14,54,27,0,0
80000000,4096,40,65834,305501,16853504,78208256,2536,46,22,11,17,22,15,65,22,0,0
80000000,4096,40,71150,304298,18214400,77900288,2497,45,18,10,10,15,13,48,18,0,0
80000000,4096,40,143295,277706,36683520,71092736,2522,61,32,18,17,13,25,73,32,0,0
80000000,4096,40,43547,309466,11148032,79223296,2495,60,29,14,15,16,14,59,29,0,0
80000000,4096,40,217,312515,55552,80003840,2566,51,20,13,14,16,16,59,20,0,0
80000000,4096,40,67584,305093,17301504,78103808,2535,54,29,15,11,14,17,57,29,0,0
80000000,4096,40,202325,238141,51795200,60964096,2576,52,32,17,16,16,19,68,32,0,0
80000000,4096,40,203844,236877,52184064,60640512,2468,51,25,17,15,13,15,60,25,0,0
80000000,4096,40,134641,282002,34468096,72192512,2510,53,26,18,11,19,11,59,26,0,0
80000000,4096,40,189758,248280,48578048,63559680,2533,48,17,18,11,10,15,54,17,0,0
80000000,4096,40,4515,312469,1155840,79992064,2561,56,22,11,18,13,10,52,22,0,0
80000000,4096,40,133428,282576,34157568,72339456,2502,61,28,12,19,15,10,56,28,0,0
80000000,4096,40,184767,252033,47300352,64520448,2456,65,31,14,16,16,18,64,31,0,0
80000000,4096,40,20886,311806,5346816,79822336,2481,64,31,16,20,16,13,65,31,0,0
80000000,4096,40,45576,309150,11667456,79142400,2536,58,24,15,20,12,9,56,24,0,0
80000000,4096,40,196333,243109,50261248,62235904,2535,46,16,22,11,15,13,61,16,0,0
80000000,4096,40,733,312489,187648,79997184,2563,43,17,14,8,9,12,43,17,0,0
80000000,4096,40,192421,246215,49259776,63031040,2457,82,34,12,16,17,17,62,34,0,0
80000000,4096,40,53233,307925,13627648,78828800,2597,55,26,17,14,17,14,62,26,0,0
80000000,4096,40,56626,307311,14496256,78671616,2572,41,20,16,9,5,18,48,20,0,0
80000000,4096,40,62993,306098,16126208,78361088,2461,58,32,15,13,18,18,64,32,0,0
80000000,4096,40,25851,311425,6617856,79724800,2567,52,25,14,10,17,14,55,25,0,0
80000000,4096,40,125284,286296,32072704,73291776,2581,38,23,15,14,14,10,53,23,0,0
80000000,4096,40,217792,224087,55754752,57366272,2596,33,12,8,13,11,9,41,12,0,0
80000000,4096,40,203533,237149,52104448,60710144,2522,61,26,16,13,14,14,57,26,0,0
80000000,4096,40,86446,300308,22130176,76878848,2585,42,14,14,10,15,9,48,14,0,0
80000000,4096,40,143995,277339,36862720,70998784,2551,43,18,15,17,16,13,61,18,0,0
80000000,4096,40,201876,238525,51680256,61062400,2553,40,19,16,11,10,16,53,19,0,0
80000000,4096,40,43186,309493,11055616,79230208,2546,49,22,12,10,13,14,49,22,0,0
80000000,4096,40,46907,308970,12008192,79096320,2473,63,30,17,12,22,15,66,30,0,0
80000000,4096,40,40574,309864,10386944,79325184,2567,42,15,16,9,10,14,49,15,0,0
800000000,4096,36,681269,3049836,174404864,780758016,2266,181,70,25,25,26,18,94,70,1,0
800000000,4096,36,670933,3052141,171758848,781348096,2235,156,75,19,23,23,31,96,75,1,0
800000000,4096,36,2141560,2275814,548239360,582608384,2205,166,56,16,21,22,19,78,56,0,0
800000000,4096,36,428065,3095536,109584640,792457216,2223,167,55,20,17,18,18,73,55,0,0
800000000,4096,36,127088,3122416,32534528,799338496,2227,187,73,24,26,24,23,97,73,1,0
800000000,4096,36,895012,2994096,229123072,766488576,2290,166,60,24,19,18,22,83,60,0,0
800000000,4096,36,1100902,2924662,281830912,748713472,2268,162,71,17,19,23,28,87,71,1,0
800000000,4096,36,79672,3123976,20396032,799737856,2334,150,63,27,18,26,19,90,63,0,0
800000000,4096,36,1213671,2879682,310699776,737198592,2227,150,51,20,17,17,17,71,51,0,0
800000000,4096,36,1862069,2509656,476689664,642471936,2249,189,58,26,21,21,15,83,58,0,0
800000000,4096,36,443530,3093350,113543680,791897600,2307,160,54,25,24,11,20,80,54,0,0
800000000,4096,36,834882,3011424,213729792,770924544,2180,193,68,21,22,16,21,80,68,1,0
800000000,4096,36,82871,3123904,21214976,799719424,2269,172,70,22,23,19,27,91,70,1,0
800000000,4096,36,1744408,2592815,446568448,663760640,2290,166,56,18,21,20,20,79,56,0,0
800000000,4096,36,725963,3039515,185846528,778115840,2274,156,59,22,15,22,22,81,59,0,0
800000000,4096,36,2133902,2283013,546278912,584451328,2284,153,70,28,24,23,18,93,70,1,0
800000000,4096,36,657721,3054989,168376576,782077184,2269,163,54,25,20,16,19,80,54,0,0
800000000,4096,36,1600563,2683994,409744128,687102464,2206,171,61,21,23,21,20,85,61,0,0
800000000,4096,36,375284,3102384,96072704,794210304,2259,157,58,19,21,19,23,82,58,0,0
800000000,4096,36,757316,3031849,193872896,776153344,2279,161,68,27,16,29,22,94,68,1,0
800000000,4096,36,2173410,2245408,556392960,574824448,2305,145,48,22,16,14,18,70,48,0,0
800000000,4096,36,1618217,2673368,414263552,684382208,2289,140,57,18,18,20,21,77,57,0,0
800000000,4096,36,1711939,2614365,438256384,669277440,2295,155,50,22,17,16,14,69,50,0,0
800000000,4096,36,752938,3032938,192752128,776432128,2340,145,48,22,18,18,18,76,48,0,0
800000000,4096,36,633772,3060066,162245632,783376896,2203,171,64,19,25,23,18,85,64,0,0
800000000,4096,36,2190592,2228672,560791552,570540032,2343,184,67,19,22,28,16,85,67,1,0
800000000,4096,36,1738587,2596717,445078272,664759552,2262,172,67,19,18,25,26,88,67,1,0
800000000,4096,36,355911,3104660,91113216,794792960,2205,187,70,19,22,25,26,92,70,1,0
800000000,4096,36,1993117,2406888,510237952,616163328,2227,166,61,22,25,20,20,87,61,0,0
800000000,4096,36,1361198,2812977,348466688,720122112,2179,181,68,27,21,18,24,90,68,1,0
800000000,4096,36,1598512,2685226,409219072,687417856,2250,152,55,19,16,20,21,76,55,0,0
800000000,4096,36,2135898,2281137,546789888,583971072,2251,176,58,23,23,22,21,89,58,0,0
800000000,4096,36,1917522,2467551,490885632,631693056,2232,185,70,24,22,23,27,96,70,1,0
800000000,4096,36,561088,3074210,143638528,786997760,2241,165,62,25,27,24,16,92,62,0,0
800000000,4096,36,1236366,2870028,316509696,734727168,2229,168,60,22,21,18,17,78,60,0,0
800000000,4096,36,1414583,2786491,362133248,713341696,2226,192,66,21,21,28,12,82,66,1,0
800000000,4096,36,1700564,2621770,435344384,671173120,2227,175,55,24,14,19,22,79,55,0,0
800000000,4096,36,1689573,2628855,432530688,672986880,2209,164,48,17,22,13,21,73,48,0,0
800000000,4096,36,1049221,2943600,268600576,753561600,2236,169,61,23,26,23,19,91,61,0,0
800000000,4096,36,1943509,2447123,497538304,626463488,2232,183,59,18,23,26,19,86,59,0,0
800000000,4096,36,63686,3124338,16303616,799830528,2215,176,61,21,17,26,22,86,61,0,0
800000000,4096,36,1262078,2858806,323091968,731854336,2213,196,71,26,21,24,21,92,71,1,0
800000000,4096,36,1832799,2531094,469196544,647960064,2362,152,58,15,18,22,23,78,58,0,0
800000000,4096,36,1021293,2953398,261451008,756069888,2262,168,64,17,26,24,18,85,64,0,0
800000000,4096,36,1519529,2730701,388999424,699059456,2232,162,58,24,20,16,24,84,58,0,0
800000000,4096,36,1661644,2646628,425380864,677536768,2262,168,62,22,27,21,19,89,62,0,0
800000000,4096,36,2168038,2250626,555017728,576160256,2193,187,63,28,17,19,18,82,63,0,0
800000000,4096,36,93777,3123606,24006912,799643136,2269,154,59,20,20,17,25,82,59,0,0
800000000,4096,36,615612,3063753,157596672,784320768,2204,198,75,20,23,19,27,89,75,1,0
800000000,4096,36,1087494,2929667,278398464,749994752,2196,187,68,27,24,13,29,93,68,1,0
800000000,4096,36,1300114,2841711,332829184,727478016,2242,187,75,24,22,27,28,101,75,1,0
800000000,4096,36,973897,2969359,249317632,760155904,2258,172,64,25,19,19,23,86,64,0,0
800000000,4096,36,1304961,2839499,334070016,726911744,2302,139,50,21,23,15,14,73,50,0,0
800000000,4096,36,1669990,2641365,427517440,676189440,2222,162,66,17,21,23,20,81,66,1,0
800000000,4096,36,1354805,2816064,346830080,720912384,2241,167,59,23,13,28,22,86,59,0,0
800000000,4096,36,2131120,2285593,545566720,585111808,2292,169,68,18,19,24,27,88,68,1,0
800000000,4096,36,1430142,2778543,366116352,711307008,2260,190,80,21,32,18,33,104,80,1,0
800000000,4096,36,275029,3112868,70407424,796894208,2310,169,60,20,26,21,20,87,60,0,0
800000000,4096,36,2072120,2339218,530462720,598839808,2283,181,66,22,24,19,24,89,66,1,0
800000000,4096,36,1922559,2463611,492175104,630684416,2200,175,71,29,22,24,22,97,71,1,0
800000000,4096,36,1785497,2564676,457087232,656557056,2260,181,63,20,24,19,18,81,63,0,0
800000000,4096,36,1504861,2738780,385244416,701127680,2286,172,68,27,17,25,24,93,68,1,0
800000000,4096,36,309732,3109605,79291392,796058880,2297,155,55,16,23,20,18,77,55,0,0
800000000,4096,36,956648,2974970,244901888,761592320,2252,186,71,18,28,24,21,91,71,1,0
800000000,4096,36,1868756,2504688,478401536,641200128,2254,176,68,20,21,25,21,87,68,1,0
800000000,4096,36,1953331,2439303,500052736,624461568,2227,184,65,22,27,21,19,89,65,1,0
800000000,4096,36,567956,3072959,145396736,786677504,2239,163,63,27,18,25,19,89,63,0,0
800000000,4096,36,2168444,2250227,555121664,576058112,2308,157,58,16,22,19,19,76,58,0,0
800000000,4096,36,1092440,2927819,279664640,749521664,2212,150,61,22,19,20,19,80,61,0,0
800000000,4096,36,42883,3124710,10978048,799925760,2257,177,71,19,22,23,26,90,71,1,0
800000000,4096,36,1604373,2681712,410719488,686518272,2204,159,46,12,18,20,20,70,46,0,0
800000000,4096,36,2095307,2318466,536398592,593527296,2209,174,58,17,18,22,18,75,58,0,0
800000000,4096,36,352673,3105023,90284288,794885888,2265,166,65,18,17,25,21,81,65,1,0
800000000,4096,36,1546615,2715452,395933440,695155712,2214,146,68,25,26,17,22,90,68,1,0
800000000,4096,36,516591,3082001,132247296,788992256,2265,161,80,26,27,19,31,103,80,1,0
800000000,4096,36,1164899,2899756,298214144,742337536,2234,183,61,24,21,19,25,89,61,0,0
800000000,4096,36,2037125,2369742,521504000,606653952,2308,157,58,19,23,22,17,81,58,0,0
800000000,4096,36,1796721,2556825,459960576,654547200,2216,168,60,22,19,22,24,87,60,0,0
800000000,4096,36,974232,2969274,249403392,760134144,2291,166,62,25,25,14,14,78,62,0,0
800000000,4096,36,554366,3075429,141917696,787309824,2242,195,66,22,26,22,19,89,66,1,0
800000000,4096,36,1679417,2635381,429930752,674657536,2300,156,60,19,18,26,25,88,60,0,0
800000000,4096,36,2088286,2324792,534601216,595146752,2194,164,57,16,24,25,22,87,57,0,0
800000000,4096,36,1590951,2689696,407283456,688562176,2185,178,63,23,22,21,21,87,63,0,0
800000000,4096,36,1577842,2697417,403927552,690538752,2200,192,64,24,23,22,25,94,64,0,0
800000000,4096,36,1416003,2785781,362496768,713159936,2212,193,66,18,23,19,21,81,66,1,0
800000000,4096,36,298497,3110715,76415232,796343040,2286,173,60,25,17,24,21,87,60,0,0
800000000,4096,36,399442,3099351,102257152,793433856,2275,151,61,27,19,23,22,91,61,0,0
800000000,4096,36,1997425,2403299,511340800,615244544,2275,162,58,20,20,18,22,80,58,0,0
800000000,4096,36,548699,3076438,140466944,787568128,2278,166,69,19,25,23,18,85,69,1,0
800000000,4096,36,2116572,2299082,541842432,588564992,2218,166,72,25,19,26,21,91,72,1,0
800000000,4096,36,2075275,2336401,531270400,598118656,2266,193,67,21,21,26,25,93,67,1,0
800000000,4096,36,2174027,2244805,556550912,574670080,2186,198,60,18,27,26,16,87,60,0,0
800000000,4096,36,1739255,2596281,445249280,664647936,2289,168,73,21,26,23,26,96,73,1,0
800000000,4096,36,1589915,2690303,407018240,688717568,2264,166,61,20,26,20,19,85,61,0,0
800000000,4096,36,1963938,2430751,502768128,622272256,2214,192,65,24,21,24,24,93,65,1,0
800000000,4096,36,382014,3101554,97795584,793997824,2313,155,60,22,25,20,20,87,60,0,0
800000000,4096,36,321545,3108408,82315520,795752448,2209,189,77,20,29,24,21,94,77,1,0
800000000,4096,36,696015,3046492,178179840,779901952,2217,175,65,23,19,27,20,89,65,1,0
800000000,4096,36,239293,3115824,61259008,797650944,2196,176,61,18,20,18,20,76,61,0,0
800000000,4096,36,124777,3122522,31942912,799365632,2245,163,56,18,17,18,19,72,56,0,0
800000000,4096,40,1583328,2694196,405331968,689714176,2249,87,41,18,15,12,19,64,41,0,0
800000000,4096,40,1730432,2602142,442990592,666148352,2276,81,37,22,16,15,19,72,37,0,0
800000000,4096,40,1938667,2450975,496298752,627449600,2279,78,41,17,23,20,17,77,41,0,0
800000000,4096,40,271042,3113225,69386752,796985600,2244,80,34,12,16,13,17,58,34,0,0
800000000,4096,40,2106000,2308744,539136000,591038464,2253,104,39,16,16,13,20,65,39,0,0
800000000,4096,40,1684453,2632143,431219968,673828608,2252,90,35,19,18,17,15,69,35,0,0
800000000,4096,40,2116319,2299309,541777664,588623104,2224,109,48,19,17,13,21,70,48,0,0
800000000,4096,40,1775777,2571431,454598912,658286336,2243,89,38,22,18,18,21,79,38,0,0
800000000,4096,40,396014,3099810,101379584,793551360,2187,106,46,17,15,20,19,71,46,0,0
800000000,4096,40,111342,3123000,28503552,799488000,2296,80,23,12,10,14,13,49,23,0,0
800000000,4096,40,751160,3033380,192296960,776545280,2248,94,40,19,19,15,12,65,40,0,0
800000000,4096,40,1957048,2436296,501004288,623691776,2220,98,41,22,17,18,14,71,41,0,0
800000000,4096,40,781179,3025788,199981824,774601728,2192,106,43,15,17,18,19,69,43,0,0
800000000,4096,40,124577,3122513,31891712,799363328,2258,81,35,20,16,17,18,71,35,0,0
800000000,4096,40,1589027,2690823,406790912,688850688,2261,79,37,18,19,19,20,76,37,0,0
800000000,4096,40,96665,3123504,24746240,799617024,2250,93,40,13,21,17,18,69,40,0,0
800000000,4096,40,1388157,2799759,355368192,716738304,2231,91,34,20,16,13,13,62,34,0,0
800000000,4096,40,494693,3085602,126641408,789914112,2195,87,40,18,21,21,13,73,40,0,0
800000000,4096,40,1071351,2935605,274265856,751514880,2255,78,34,16,12,19,17,64,34,0,0
800000000,4096,40,1066309,2937443,272975104,751985408,2298,90,38,19,18,18,22,77,38,0,0
800000000,4096,40,1837220,2527879,470328320,647137024,2186,101,52,23,16,20,20,79,52,0,0
800000000,4096,40,824479,3014274,211066624,771654144,2226,83,33,17,14,16,12,59,33,0,0
800000000,4096,40,71563,3124179,18320128,799789824,2209,92,35,12,16,15,19,62,35,0,0
800000000,4096,40,336945,3106789,86257920,795337984,2221,88,38,17,13,19,17,66,38,0,0
800000000,4096,40,2125107,2291167,544027392,586538752,2268,84,32,10,16,18,17,61,32,0,0
800000000,4096,40,435800,3094474,111564800,792185344,2208,113,43,19,15,17,15,66,43,0,0
800000000,4096,40,411188,3097813,105264128,793040128,2261,79,36,18,13,14,13,58,36,0,0
800000000,4096,40,240860,3115692,61660160,797617152,2313,71,31,14,16,14,14,58,31,0,0
800000000,4096,40,1458660,2763685,373416960,707503360,2277,80,39,17,19,17,17,70,39,0,0
800000000,4096,40,618923,3063093,158444288,784151808,2272,90,37,21,15,18,13,67,37,0,0
800000000,4096,40,356771,3104573,91333376,794770688,2201,77,33,20,15,14,17,66,33,0,0
800000000,4096,40,1060009,2939738,271362304,752572928,2250,100,42,16,17,14,19,66,42,0,0
800000000,4096,40,1844093,2522886,472087808,645858816,2274,81,35,18,16,14,13,61,35,0,0
800000000,4096,40,498408,3084985,127592448,789756160,2274,103,44,15,20,18,14,67,44,0,0
800000000,4096,40,1935530,2453436,495495680,628079616,2271,81,30,16,14,15,16,61,30,0,0
800000000,4096,40,1167357,2898789,298843392,742089984,2207,101,41,15,22,16,21,74,41,0,0
800000000,4096,40,748001,3034150,191488256,776742400,2283,62,20,11,16,17,13,57,20,0,0
800000000,4096,40,559965,3074436,143351040,787055616,2225,79,27,12,19,17,13,61,27,0,0
800000000,4096,40,1563133,2705956,400162048,692724736,2238,85,37,13,11,15,25,64,37,0,0
800000000,4096,40,1352175,2817297,346156800,721228032,2264,91,32,14,16,16,16,62,32,0,0
800000000,4096,40,1760469,2581934,450680064,660975104,2271,83,32,20,13,11,11,55,32,0,0
800000000,4096,40,1770553,2575017,453261568,659204352,2287,65,31,16,14,18,18,66,31,0,0
800000000,4096,40,1873897,2500841,479717632,640215296,2243,99,40,20,18,19,16,73,40,0,0
800000000,4096,40,532400,3079298,136294400,788300288,2207,77,35,16,15,19,13,63,35,0,0
800000000,4096,40,472456,3089063,120948736,790800128,2214,94,41,12,28,19,19,78,41,0,0
800000000,4096,40,941731,2979740,241083136,762813440,2230,107,49,11,22,23,17,73,49,0,0
800000000,4096,40,1103518,2923675,282500608,748460800,2251,104,39,19,22,17,19,77,39,0,0
800000000,4096,40,697710,3046129,178613760,779809024,2266,76,36,16,18,16,15,65,36,0,0
800000000,4096,40,1843886,2523029,472034816,645895424,2237,102,38,18,16,15,16,65,38,0,0
800000000,4096,40,1909128,2474037,488736768,633353472,2252,86,37,24,14,17,13,68,37,0,0
800000000,4096,40,642115,3058306,164381440,782926336,2224,77,31,10,19,12,12,53,31,0,0
800000000,4096,40,494116,3085673,126493696,789932288,2267,95,43,16,15,22,18,71,43,0,0
800000000,4096,40,1112062,2920421,284687872,747627776,2209,105,48,13,17,20,20,70,48,0,0
800000000,4096,40,389031,3100697,99591936,793778432,2152,98,42,19,17,15,17,68,42,0,0
800000000,4096,40,895236,2994018,229180416,766468608,2181,100,42,20,17,20,18,75,42,0,0
800000000,4096,40,1834133,2530127,469538048,647712512,2209,119,62,23,23,19,24,89,62,0,0
800000000,4096,40,902869,2991719,231134464,765880064,2142,95,29,17,19,7,15,58,29,0,0
800000000,4096,40,1546644,2715404,395940864,695143424,2281,85,38,10,14,19,10,53,38,0,0
800000000,4096,40,791474,3023104,202617344,773914624,2210,87,38,20,12,15,25,72,38,0,0
800000000,4096,40,279272,3112497,71493632,796799232,2234,88,38,14,16,20,18,68,38,0,0
800000000,4096,40,494021,3085692,126469376,789937152,2227,103,40,17,17,16,13,63,40,0,0
800000000,4096,40,2101844,2312542,538072064,592010752,2252,93,36,11,16,21,14,62,36,0,0
800000000,4096,40,1514594,2733423,387736064,699756288,2315,77,34,13,18,14,20,65,34,0,0
800000000,4096,40,136475,3122024,34937600,799238144,2177,121,50,17,17,20,17,71,50,0,0
800000000,4096,40,2080100,2332139,532505600,597027584,2231,100,45,18,22,14,19,73,45,0,0
800000000,4096,40,1465040,2760316,375050240,706640896,2207,98,40,19,13,16,15,63,40,0,0
800000000,4096,40,1209005,2881670,309505280,737707520,2305,86,41,18,19,14,14,65,41,0,0
800000000,4096,40,1628726,2667009,416953856,682754304,2216,95,41,15,25,14,11,65,41,0,0
800000000,4096,40,1414780,2786401,362183680,713318656,2165,119,53,16,19,18,25,78,53,0,0
800000000,4096,40,1268777,2855857,324806912,731099392,2197,86,34,13,15,18,17,63,34,0,0
800000000,4096,40,1667303,2643064,426829568,676624384,2222,100,38,21,14,15,17,67,38,0,0
800000000,4096,40,1075872,2933966,275423232,751095296,2247,92,37,13,19,21,17,70,37,0,0
800000000,4096,40,50551,3124582,12941056,799892992,2324,77,30,16,17,16,11,60,30,0,0
800000000,4096,40,1812661,2545571,464041216,651666176,2270,92,46,15,16,16,27,74,46,0,0
800000000,4096,40,1418666,2784410,363178496,712808960,2170,98,43,14,15,18,22,69,43,0,0
800000000,4096,40,78109,3124015,19995904,799747840,2287,79,25,14,16,12,16,58,25,0,0
800000000,4096,40,376519,3102238,96388864,794172928,2196,92,35,16,16,13,18,63,35,0,0
800000000,4096,40,1258268,2860488,322116608,732284928,2197,108,48,19,17,20,16,72,48,0,0
800000000,4096,40,1336927,2824597,342253312,723096832,2206,98,34,15,16,12,15,58,34,0,0
800000000,4096,40,2135159,2281826,546600704,584147456,2320,92,42,17,16,19,15,67,42,0,0
800000000,4096,40,988361,2964570,253020416,758929920,2242,77,32,17,17,17,18,69,32,0,0
800000000,4096,40,2126587,2289815,544406272,586192640,2257,97,48,18,21,19,16,74,48,0,0
800000000,4096,40,2159269,2259036,552772864,578313216,2273,87,46,13,18,22,22,75,46,0,0
800000000,4096,40,385761,3101098,98754816,793881088,2278,73,23,12,16,14,14,56,23,0,0
800000000,4096,40,997085,2961659,255253760,758184704,2211,85,33,15,15,24,16,70,33,0,0
800000000,4096,40,1254342,2862215,321111552,732727040,2280,100,52,19,17,22,23,81,52,0,0
800000000,4096,40,813020,3017387,208133120,772451072,2275,95,27,12,16,9,19,56,27,0,0
800000000,4096,40,1797188,2556506,460080128,654465536,2212,84,34,14,17,14,20,65,34,0,0
800000000,4096,40,7111,3124982,1820416,799995392,2257,92,38,17,17,17,16,67,38,0,0
800000000,4096,40,1958878,2434841,501472768,623319296,2297,81,33,20,16,15,18,69,33,0,0
800000000,4096,40,1400264,2793710,358467584,715189760,2201,93,39,21,19,17,17,74,39,0,0
800000000,4096,40,1948063,2443514,498704128,625539584,2228,106,47,19,23,17,18,77,47,0,0
800000000,4096,40,1064426,2938122,272493056,752159232,2218,102,43,21,17,18,14,70,43,0,0
800000000,4096,40,2186856,2232333,559835136,571477248,2290,78,34,18,13,12,20,63,34,0,0
800000000,4096,40,1032092,2949655,264215552,755111680,2275,95,53,27,15,19,13,74,53,0,0
800000000,4096,40,1976426,2420604,505965056,619674624,2200,95,46,16,25,24,14,79,46,0,0
800000000,4096,40,2020909,2383620,517352704,610206720,2269,87,35,19,18,11,15,63,35,0,0
800000000,4096,40,732116,3038016,187421696,777732096,2274,94,45,21,19,20,22,82,45,0,0
800000000,4096,40,1109865,2921263,284125440,747843328,2259,71,32,14,12,15,15,56,32,0,0
800000000,4096,40,1205865,2882957,308701440,738036992,2220,92,39,19,13,18,20,70,39,0,0
